CN110210173A,I3,I5
CN110210173B,I3,I5
CN113673582A,I19,C52
CN113159475A,C4,C9,C10,C47,I18,I10,I19,C35,C39,C40
CN114252387A,C11,C9,C48
CN111236973A,I19,C73
CN111236973B,I19,C73
CN214584793U,C14,C13
CN112299778A,C11,C9,C4,C48
CN113324510A,C9,C10,C47
CN113324521A,C9,C10,C47
CN113324521B,C9,C10,C47
CN113324510B,C9,C10,C47
CN215441859U,C22,I19
CN110280461A,C66,C40
CN114150572A,C11,C9
CN112727473A,C22,C23
CN114085055A,I2,C72
CN109441481A,C27,C25
CN109441481B,C27,C25
CN109209444A,C27,C25
CN109209444B,C27,C25
CN211506935U,C20,C19,C59
CN209212248U,C27,C25
CN109736185A,I22,C46
CN209722700U,I22,C46
CN109407720A,I14,C30
CN109407720B,I14,C30
CN114436603A,C11,C9,C4,C48
CN111550267A,I8,C63
CN111550267B,I8,C63
CN113933481A,I21,I6
CN212129174U,C1,C26
CN114033433A,C28,C29
CN111187023A,C11,C9,C4,C48
CN111980711A,C15,C16
CN212296364U,C15,C16
CN212358520U,C1,C0
CN112756746A,C18,C43
CN112959513A,I16,I20,C49,C50
CN214035718U,C22,C57
CN113323672A,C34,C33
CN114112466A,I17,C41
CN112756746B,C18,C43
CN111138106A,C11,C9,C4,C48
CN111156050A,C32,C31
CN111188630A,I19,C73
CN211623487U,C32,C31
CN111806235A,I19,C17
CN112142359A,C65,C45
CN111188630B,I19,C73
CN112593987A,C22,C57
CN113931670A,C42,C41,I13,C12
CN110480834A,C11,C9,C4
CN111140265A,C32,C31
CN111502675A,I4,C64
CN211598691U,C32,C31
CN112610256A,C22,C57
CN112620888A,C18,C43
CN111502675B,I4,C64
CN113754386A,C44,C14,C13
CN112620888B,C18,C43
CN209780913U,C11,C9,C7,C40,C3
CN111561332A,I8,C1
CN113220009A,C8,C70
CN113220009B,C8,C70
CN113569389A,I19,C51
CN111305353A,C1,C0
CN112252161A,C38,C36,C37
CN112620898A,C18,C43
CN113063814A,I12,I19
CN213934315U,C67,C68
CN214033332U,C38,C36,C37
CN208525683U,S6,S1,S4,S5,S2,S3
CN111119986A,C32,C31
CN111828062A,I23,I2
CN213088013U,C62,C5
CN111690417A,C11,C9
CN111798065A,I19,C21
CN111690417B,C11,C9
CN214616608U,C22,C57
CN113860787A,C11,C9,C6,C48
CN114148063A,C69,C58
CN111305258A,C1,C26,C0
CN212129216U,C1,C26,C0
CN113807724A,I0,I7
CN110645445A,C71,C61
CN111322090A,C24,I2,C22
CN111335338A,C1,C26
CN111322090B,C24,I2,C22
CN212177175U,I8,C1
CN215292549U,C20,C19
CN113859379A,C54,I15
CN113979710A,I24,I9
CN216102473U,C54,I15
CN209163826U,C2,C55
CN111485938A,C32,C31
CN112065432A,C62,C5
CN212406764U,I23,I2
CN112780335A,C32,C31
CN214196390U,C32,C31
CN113947014A,C60,I1
CN109900548A,S0,I19
CN110865020A,I2,C22,C9
CN211785020U,I2,C22,C9
CN109900548B,S0,I19
CN111795739A,I6,C53
CN111880220A,I6,C53
CN112627873A,I19,I6,C53
CN111795739B,I6,C53
CN112627873B,I19,I6,C53
CN215369943U,I11,C53
CN114004104A,C40,C52
CN111880220B,I6,C53
CN114359876A,C56,C52
CN114399762A,C56,C52
